param_nb,param_name,rho,delta_1,delta_2,Tmax,u,pib,K_t,CA_fin,alpha_0,beta0,Emax,E,part_K_b,epuits,seqt,tl,andeb,Cout_Ajust,sigma,E_net_1990,tl2
1,baseline,0.025,0.05,0.05,27,log,2.4257,8.1484,0.776,1,1,3.93,0.403771294121981,0.55,0.035,1:100,8,2022,0,3,0.522168758756397,18
2,var_rho,0.005,0.05,0.05,27,log,2.4257,8.1484,0.776,1,1,3.93,0.403771294121981,0.55,0.035,1:100,8,2022,0,3,0.522168758756397,18
3,var_rho,0.01,0.05,0.05,27,log,2.4257,8.1484,0.776,1,1,3.93,0.403771294121981,0.55,0.035,1:100,8,2022,0,3,0.522168758756397,18
4,var_rho,0.015,0.05,0.05,27,log,2.4257,8.1484,0.776,1,1,3.93,0.403771294121981,0.55,0.035,1:100,8,2022,0,3,0.522168758756397,18
5,var_rho,0.02,0.05,0.05,27,log,2.4257,8.1484,0.776,1,1,3.93,0.403771294121981,0.55,0.035,1:100,8,2022,0,3,0.522168758756397,18
6,var_rho,0.03,0.05,0.05,27,log,2.4257,8.1484,0.776,1,1,3.93,0.403771294121981,0.55,0.035,1:100,8,2022,0,3,0.522168758756397,18
7,var_rho,0.035,0.05,0.05,27,log,2.4257,8.1484,0.776,1,1,3.93,0.403771294121981,0.55,0.035,1:100,8,2022,0,3,0.522168758756397,18
8,var_rho,0.04,0.05,0.05,27,log,2.4257,8.1484,0.776,1,1,3.93,0.403771294121981,0.55,0.035,1:100,8,2022,0,3,0.522168758756397,18
9,var_delta,0.025,0.01,0.01,27,log,2.4257,8.1484,0.776,1,1,3.93,0.403771294121981,0.55,0.035,1:100,8,2022,0,3,0.522168758756397,18
10,var_delta,0.025,0.02,0.02,27,log,2.4257,8.1484,0.776,1,1,3.93,0.403771294121981,0.55,0.035,1:100,8,2022,0,3,0.522168758756397,18
11,var_delta,0.025,0.03,0.03,27,log,2.4257,8.1484,0.776,1,1,3.93,0.403771294121981,0.55,0.035,1:100,8,2022,0,3,0.522168758756397,18
12,var_delta,0.025,0.04,0.04,27,log,2.4257,8.1484,0.776,1,1,3.93,0.403771294121981,0.55,0.035,1:100,8,2022,0,3,0.522168758756397,18
13,var_delta,0.025,0.06,0.06,27,log,2.4257,8.1484,0.776,1,1,3.93,0.403771294121981,0.55,0.035,1:100,8,2022,0,3,0.522168758756397,18
14,var_delta,0.025,0.07,0.07,27,log,2.4257,8.1484,0.776,1,1,3.93,0.403771294121981,0.55,0.035,1:100,8,2022,0,3,0.522168758756397,18
15,var_delta,0.025,0.08,0.08,27,log,2.4257,8.1484,0.776,1,1,3.93,0.403771294121981,0.55,0.035,1:100,8,2022,0,3,0.522168758756397,18
16,var_delta,0.025,0.09,0.09,27,log,2.4257,8.1484,0.776,1,1,3.93,0.403771294121981,0.55,0.035,1:100,8,2022,0,3,0.522168758756397,18
17,var_delta,0.025,0.1,0.1,27,log,2.4257,8.1484,0.776,1,1,3.93,0.403771294121981,0.55,0.035,1:100,8,2022,0,3,0.522168758756397,18
18,var_delta_1,0.025,0.025,0.05,27,log,2.4257,8.1484,0.776,1,1,3.93,0.403771294121981,0.55,0.035,1:100,8,2022,0,3,0.522168758756397,18
19,var_puits,0.025,0.05,0.05,27,log,2.4257,8.1484,0.776,1,1,3.93,0.403771294121981,0.55,0.005,1:100,8,2022,0,3,0.522168758756397,18
20,var_puits,0.025,0.05,0.05,27,log,2.4257,8.1484,0.776,1,1,3.93,0.403771294121981,0.55,0.01,1:100,8,2022,0,3,0.522168758756397,18
21,var_puits,0.025,0.05,0.05,27,log,2.4257,8.1484,0.776,1,1,3.93,0.403771294121981,0.55,0.015,1:100,8,2022,0,3,0.522168758756397,18
22,var_puits,0.025,0.05,0.05,27,log,2.4257,8.1484,0.776,1,1,3.93,0.403771294121981,0.55,0.02,1:100,8,2022,0,3,0.522168758756397,18
23,var_puits,0.025,0.05,0.05,27,log,2.4257,8.1484,0.776,1,1,3.93,0.403771294121981,0.55,0.025,1:100,8,2022,0,3,0.522168758756397,18
24,var_puits,0.025,0.05,0.05,27,log,2.4257,8.1484,0.776,1,1,3.93,0.403771294121981,0.55,0.03,1:100,8,2022,0,3,0.522168758756397,18
25,var_puits,0.025,0.05,0.05,27,log,2.4257,8.1484,0.776,1,1,3.93,0.403771294121981,0.55,0.04,1:100,8,2022,0,3,0.522168758756397,18
26,var_puits,0.025,0.05,0.05,27,log,2.4257,8.1484,0.776,1,1,3.93,0.403771294121981,0.55,0.045,1:100,8,2022,0,3,0.522168758756397,18
27,var_puits,0.025,0.05,0.05,27,log,2.4257,8.1484,0.776,1,1,3.93,0.403771294121981,0.55,0.05,1:100,8,2022,0,3,0.522168758756397,18
28,var_puits,0.025,0.05,0.05,27,log,2.4257,8.1484,0.776,1,1,3.93,0.403771294121981,0.55,0.055,1:100,8,2022,0,3,0.522168758756397,18
29,var_puits,0.025,0.05,0.05,27,log,2.4257,8.1484,0.776,1,1,3.93,0.403771294121981,0.55,0.06,1:100,8,2022,0,3,0.522168758756397,18
30,var_puits,0.025,0.05,0.05,27,log,2.4257,8.1484,0.776,1,1,3.93,0.403771294121981,0.55,0.065,1:100,8,2022,0,3,0.522168758756397,18
31,var_puits,0.025,0.05,0.05,27,log,2.4257,8.1484,0.776,1,1,3.93,0.403771294121981,0.55,0.07,1:100,8,2022,0,3,0.522168758756397,18
32,var_puits,0.025,0.05,0.05,27,log,2.4257,8.1484,0.776,1,1,3.93,0.403771294121981,0.55,0.075,1:100,8,2022,0,3,0.522168758756397,18
33,var_puits,0.025,0.05,0.05,27,log,2.4257,8.1484,0.776,1,1,3.93,0.403771294121981,0.55,0.08,1:100,8,2022,0,3,0.522168758756397,18
34,var_part_K_b,0.025,0.05,0.05,27,log,2.4257,8.1484,0.776,1,1,3.93,0.403771294121981,0.4,0.035,1:100,8,2022,0,3,0.522168758756397,18
35,var_part_K_b,0.025,0.05,0.05,27,log,2.4257,8.1484,0.776,1,1,3.93,0.403771294121981,0.5,0.035,1:100,8,2022,0,3,0.522168758756397,18
36,var_part_K_b,0.025,0.05,0.05,27,log,2.4257,8.1484,0.776,1,1,3.93,0.403771294121981,0.6,0.035,1:100,8,2022,0,3,0.522168758756397,18
37,var_part_K_b,0.025,0.05,0.05,27,log,2.4257,8.1484,0.776,1,1,3.93,0.403771294121981,0.7,0.035,1:100,8,2022,0,3,0.522168758756397,18
38,var_part_K_b,0.025,0.05,0.05,27,log,2.4257,8.1484,0.776,1,1,3.93,0.403771294121981,0.8,0.035,1:100,8,2022,0,3,0.522168758756397,18
39,var_part_K_b,0.025,0.05,0.05,27,log,2.4257,8.1484,0.776,1,1,3.93,0.403771294121981,0.9,0.035,1:100,8,2022,0,3,0.522168758756397,18
40,var_delta_1,0.025,0.04,0.05,27,log,2.4257,8.1484,0.776,1,1,3.93,0.403771294121981,0.55,0.035,1:100,8,2022,0,3,0.522168758756397,18
41,var_delta_1,0.025,0.06,0.05,27,log,2.4257,8.1484,0.776,1,1,3.93,0.403771294121981,0.55,0.035,1:100,8,2022,0,3,0.522168758756397,18
42,var_delta_1,0.025,0.075,0.05,27,log,2.4257,8.1484,0.776,1,1,3.93,0.403771294121981,0.55,0.035,1:100,8,2022,0,3,0.522168758756397,18
43,var_Emax,0.025,0.05,0.05,27,log,2.4257,8.1484,0.776,1,1,2.17,0.403771294121981,0.55,0.035,1:100,8,2022,0,3,0.522168758756397,18
44,var_Emax,0.025,0.05,0.05,27,log,2.4257,8.1484,0.776,1,1,2.5,0.403771294121981,0.55,0.035,1:100,8,2022,0,3,0.522168758756397,18
45,var_Emax,0.025,0.05,0.05,27,log,2.4257,8.1484,0.776,1,1,3,0.403771294121981,0.55,0.035,1:100,8,2022,0,3,0.522168758756397,18
46,var_Emax,0.025,0.05,0.05,27,log,2.4257,8.1484,0.776,1,1,3.5,0.403771294121981,0.55,0.035,1:100,8,2022,0,3,0.522168758756397,18
47,var_Emax,0.025,0.05,0.05,27,log,2.4257,8.1484,0.776,1,1,4.5,0.403771294121981,0.55,0.035,1:100,8,2022,0,3,0.522168758756397,18
48,var_Emax,0.025,0.05,0.05,27,log,2.4257,8.1484,0.776,1,1,5,0.403771294121981,0.55,0.035,1:100,8,2022,0,3,0.522168758756397,18
49,var_Emax,0.025,0.05,0.05,27,log,2.4257,8.1484,0.776,1,1,5.5,0.403771294121981,0.55,0.035,1:100,8,2022,0,3,0.522168758756397,18
50,var_Emax,0.025,0.05,0.05,27,log,2.4257,8.1484,0.776,1,1,6,0.403771294121981,0.55,0.035,1:100,8,2022,0,3,0.522168758756397,18
51,var_Emax,0.025,0.05,0.05,27,log,2.4257,8.1484,0.776,1,1,6.5,0.403771294121981,0.55,0.035,1:100,8,2022,0,3,0.522168758756397,18
52,var_Emax,0.025,0.05,0.05,27,log,2.4257,8.1484,0.776,1,1,7.05,0.403771294121981,0.55,0.035,1:100,8,2022,0,3,0.522168758756397,18
53,var_Emax,0.025,0.05,0.05,27,log,2.4257,8.1484,0.776,1,1,7.5,0.403771294121981,0.55,0.035,1:100,8,2022,0,3,0.522168758756397,18
54,var_Emax,0.025,0.05,0.05,27,log,2.4257,8.1484,0.776,1,1,8,0.403771294121981,0.55,0.035,1:100,8,2022,0,3,0.522168758756397,18
55,var_Emax,0.025,0.05,0.05,27,log,2.4257,8.1484,0.776,1,1,9,0.403771294121981,0.55,0.035,1:100,8,2022,0,3,0.522168758756397,18
56,var_Emax,0.025,0.05,0.05,27,log,2.4257,8.1484,0.776,1,1,10,0.403771294121981,0.55,0.035,1:100,8,2022,0,3,0.522168758756397,18
57,var_Emax,0.025,0.05,0.05,27,log,2.4257,8.1484,0.776,1,1,10.71,0.403771294121981,0.55,0.035,1:100,8,2022,0,3,0.522168758756397,18
58,var_Emax,0.025,0.05,0.05,27,log,2.4257,8.1484,0.776,1,1,11,0.403771294121981,0.55,0.035,1:100,8,2022,0,3,0.522168758756397,18
59,var_CA_fin,0.025,0.05,0.05,27,log,2.4257,8.1484,0.65,1,1,3.93,0.403771294121981,0.55,0.035,1:100,8,2022,0,3,0.522168758756397,18
60,var_CA_fin,0.025,0.05,0.05,27,log,2.4257,8.1484,0.7,1,1,3.93,0.403771294121981,0.55,0.035,1:100,8,2022,0,3,0.522168758756397,18
61,var_CA_fin,0.025,0.05,0.05,27,log,2.4257,8.1484,0.75,1,1,3.93,0.403771294121981,0.55,0.035,1:100,8,2022,0,3,0.522168758756397,18
62,var_CA_fin,0.025,0.05,0.05,27,log,2.4257,8.1484,0.8,1,1,3.93,0.403771294121981,0.55,0.035,1:100,8,2022,0,3,0.522168758756397,18
63,var_CA_fin,0.025,0.05,0.05,27,log,2.4257,8.1484,0.85,1,1,3.93,0.403771294121981,0.55,0.035,1:100,8,2022,0,3,0.522168758756397,18
64,var_CA_fin,0.025,0.05,0.05,27,log,2.4257,8.1484,0.9,1,1,3.93,0.403771294121981,0.55,0.035,1:100,8,2022,0,3,0.522168758756397,18
65,var_Cout_ajust,0.025,0.05,0.05,27,log,2.4257,8.1484,0.776,1,1,3.93,0.403771294121981,0.55,0.035,1:100,8,2022,0.001,3,0.522168758756397,18
66,var_Cout_ajust,0.025,0.05,0.05,27,log,2.4257,8.1484,0.776,1,1,3.93,0.403771294121981,0.55,0.035,1:100,8,2022,0.01,3,0.522168758756397,18
67,var_Cout_ajust,0.025,0.05,0.05,27,log,2.4257,8.1484,0.776,1,1,3.93,0.403771294121981,0.55,0.035,1:100,8,2022,0.1,3,0.522168758756397,18
68,var_Cout_ajust,0.025,0.05,0.05,27,log,2.4257,8.1484,0.776,1,1,3.93,0.403771294121981,0.55,0.035,1:100,8,2022,1,3,0.522168758756397,18
69,var_Cout_ajust,0.025,0.05,0.05,27,log,2.4257,8.1484,0.776,1,1,3.93,0.403771294121981,0.55,0.035,1:100,8,2022,10,3,0.522168758756397,18
70,var_Cout_ajust,0.025,0.05,0.05,27,log,2.4257,8.1484,0.776,1,1,3.93,0.403771294121981,0.55,0.035,1:100,8,2022,100,3,0.522168758756397,18
71,var_Cout_ajust,0.025,0.05,0.05,27,log,2.4257,8.1484,0.776,1,1,3.93,0.403771294121981,0.55,0.035,1:100,8,2022,1000,3,0.522168758756397,18
72,var_sigma,0.025,0.05,0.05,27,log,2.4257,8.1484,0.776,1,1,3.93,0.403771294121981,0.55,0.035,1:100,8,2022,0,0.5,0.522168758756397,18
73,var_sigma,0.025,0.05,0.05,27,log,2.4257,8.1484,0.776,1,1,3.93,0.403771294121981,0.55,0.035,1:100,8,2022,0,0.75,0.522168758756397,18
74,var_sigma,0.025,0.05,0.05,27,log,2.4257,8.1484,0.776,1,1,3.93,0.403771294121981,0.55,0.035,1:100,8,2022,0,1.5,0.522168758756397,18
75,var_sigma,0.025,0.05,0.05,27,log,2.4257,8.1484,0.776,1,1,3.93,0.403771294121981,0.55,0.035,1:100,8,2022,0,2,0.522168758756397,18
76,var_sigma,0.025,0.05,0.05,27,log,2.4257,8.1484,0.776,1,1,3.93,0.403771294121981,0.55,0.035,1:100,8,2022,0,2.5,0.522168758756397,18
77,var_sigma,0.025,0.05,0.05,27,log,2.4257,8.1484,0.776,1,1,3.93,0.403771294121981,0.55,0.035,1:100,8,2022,0,3.5,0.522168758756397,18
78,var_sigma,0.025,0.05,0.05,27,log,2.4257,8.1484,0.776,1,1,3.93,0.403771294121981,0.55,0.035,1:100,8,2022,0,4,0.522168758756397,18
79,var_sigma,0.025,0.05,0.05,27,log,2.4257,8.1484,0.776,1,1,3.93,0.403771294121981,0.55,0.035,1:100,8,2022,0,4.5,0.522168758756397,18
80,var_sigma,0.025,0.05,0.05,27,log,2.4257,8.1484,0.776,1,1,3.93,0.403771294121981,0.55,0.035,1:100,8,2022,0,5,0.522168758756397,18
81,var_sigma,0.025,0.05,0.05,27,log,2.4257,8.1484,0.776,1,1,3.93,0.403771294121981,0.55,0.035,1:100,8,2022,0,5.5,0.522168758756397,18
82,var_Emax,0.025,0.05,0.05,27,log,2.4257,8.1484,0.776,1,1,6.23,0.403771294121981,0.55,0.035,1:100,8,2022,0,3,0.522168758756397,18
83,var_Emax,0.025,0.05,0.05,27,log,2.4257,8.1484,0.776,1,1,5.41,0.403771294121981,0.55,0.035,1:100,8,2022,0,3,0.522168758756397,18
84,var_Cout_ajust,0.025,0.05,0.05,27,log,2.4257,8.1484,0.776,1,1,3.93,0.403771294121981,0.55,0.035,1:100,8,2022,5,3,0.522168758756397,18
85,var_Cout_ajust,0.025,0.05,0.05,27,log,2.4257,8.1484,0.776,1,1,3.93,0.403771294121981,0.55,0.035,1:100,8,2022,15,3,0.522168758756397,18
86,var_Emax,0.025,0.05,0.05,27,log,2.4257,8.1484,0.776,1,1,5.6,0.403771294121981,0.55,0.035,1:100,8,2022,0,3,0.522168758756397,18
87,var_Emax,0.025,0.05,0.05,27,log,2.4257,8.1484,0.776,1,1,5.7,0.403771294121981,0.55,0.035,1:100,8,2022,0,3,0.522168758756397,18
88,var_Emax,0.025,0.05,0.05,27,log,2.4257,8.1484,0.776,1,1,5.8,0.403771294121981,0.55,0.035,1:100,8,2022,0,3,0.522168758756397,18
89,var_Emax,0.025,0.05,0.05,27,log,2.4257,8.1484,0.776,1,1,5.9,0.403771294121981,0.55,0.035,1:100,8,2022,0,3,0.522168758756397,18
90,var_Emax,0.025,0.05,0.05,27,log,2.4257,8.1484,0.776,1,1,5.1,0.403771294121981,0.55,0.035,1:100,8,2022,0,3,0.522168758756397,18
91,var_Emax,0.025,0.05,0.05,27,log,2.4257,8.1484,0.776,1,1,5.2,0.403771294121981,0.55,0.035,1:100,8,2022,0,3,0.522168758756397,18
92,var_Emax,0.025,0.05,0.05,27,log,2.4257,8.1484,0.776,1,1,5.3,0.403771294121981,0.55,0.035,1:100,8,2022,0,3,0.522168758756397,18
93,var_Emax,0.025,0.05,0.05,27,log,2.4257,8.1484,0.776,1,1,5.4,0.403771294121981,0.55,0.035,1:100,8,2022,0,3,0.522168758756397,18